file,content,sentiment
Rassemblement National,"@franceinfo Le #RassemblementNational : parti fondÃ© avec des Nazi, financÃ© par une puissance Ã©trangÃ¨re, empÃªtrÃ© dans des affaires de dÃ©tournements de fonds publics, dirigÃ© par une mafia familiale tenue par un sÃ©nile et une incompÃ©tente notoire.
Et t'as encore des abrutis pour voter pour Ã§a..",0
Rassemblement National,"#LePen , toi aussi tu soutiens le criminel de guerre #Putin 
Quelle honte! #RassemblementNational https://t.co/jH8lsrCz5e",0
Rassemblement National,Le debat avec ses deux VIPERES J EN PEUX PLUS.IL FAUT LES VIRER PAS DU TOUT JOURNALISTES AUCUN PROFESSIONNALISME. DEHORS,0
Rassemblement National,"Lâ€™un des sÃ©nateurs de mon pays, John Kennedy, R-LA, a dit que vous ne pouvez pas rÃ©parer stupiditÃ©, mais que vous pouvez le rejeter.",0
Rassemblement National,"Et comment financer tout Ã§a ? Bordel les jeunes vont Ãªtre contents mais bon l'Ã©tat risque d'avoir du mal Ã  rembourser sa dette, au moins Zemmour a un programme logique ! #zemmourpresident",0
Rassemblement National,Quelle honte !!! Et Ã§a se dit gestionnaire de la France ğŸ‡«ğŸ‡· ? #sanslui,0
Rassemblement National,Un incapable faut le virÃ©,0
Rassemblement National,Une mascarade des gouvernements passÃ© et actuel pour rÃ©cupÃ©rer l'argent durement gagnÃ© et placÃ© de nos anciens.... vider les livrets .... Une honte quand on voit leurs conditions de vie dans ces EHPAD !,0
Rassemblement National,Qu il dÃ©gage,0
Rassemblement National,J'en as marre de se gouvernement qui  nous prend pour des cons nous le peuple,0
Rassemblement National,METTEZ CET ORDURE EN PRISON !!!!! IL DETRUIT TOUT POUR SES MAITRES !!!!!,0
Rassemblement National,"Bravo pour la dÃ©magogie. 
Il faut apprendre Ã  faire la part des choses. Je ne traite pas les gens qui sâ€™opposent Ã  moi dâ€™imbecile. Je traite les imbeciles , dâ€™imbeciles. Je suis navrÃ© si vous ne faites pas la diffÃ©rence. Vous devriez prends des formations en rÃ©thorique, cela vous aiderez Ã  ne pas vous tromper la prochaine fois. 
â€œSi vous voulez faire partie des perdantâ€ cela en dit long sur votre personnalitÃ©, je ne choisi pas un camp uniquement car il gagne, je choisi un camp par conviction. Cela doit aussi vous Ã©chapper ğŸ˜… 
Croyez moi, jâ€™accepte les arguments, mais vous nâ€™en avez aucun. Je vais vous dire la mÃªme chose quâ€™Ã  lâ€™autre. Je nâ€™ai plus rien Ã  vous dire et je vous souhaite une bonne soirÃ©e ( inutile de rÃ©pondre, vous allez encore vous ridiculiser en cherchant des likes qui vous tiennent tant Ã  cÅ“ur)",0
Rassemblement National,"Quand Ã  votre argument sur le marketing dâ€™influence, cela veut donc dire que celui qui a le plus de jâ€™aime a raison ? Quâ€™il a des droits en plus ? Le marketing dâ€™influence nâ€™a absolument rien Ã  voir avec cette situation. Quand on ne sait rien, il faut apprendre ou se taire",0
Rassemblement National,Quand on met les catholiques dans le mÃªme sac que les nazis on doit se retirer et se cacher. Pas 1 voix pour cette femme  qui mÃ¨nerait  la France au dÃ©sastre,0
Rassemblement National,"ğŸ¤¢ğŸ¤¢ğŸ¤¢ğŸ¤¢ğŸ¤¢ğŸ¤®ğŸ¤®ğŸ¤®ğŸ¤®ğŸ¤® merci de partir marine , puis bardella et les autres",0
Rassemblement National,Beaucoup critique marine mais ne l'a connaisse pas c'est comme celui qui n'aime pas un plat qui n'a jamais goÃ»ter vous dites aimez vos enfants et petits enfants c'est de la rigolade les aimez c'est essayer de les sauver de ces gouvernement de pacotille,0
Rassemblement National,"Et aprÃ¨s le face Ã  face avec Macron , elle n'a aucune chance . Elle ne maÃ®trise aucun dossier .",0
Rassemblement National,"C'est un nul, dÃ©gage.",0
Rassemblement National,Câ€™est terrible cette histoire,0
Rassemblement National,"Un dÃ©sastre
Tous des clowns. Les ministres et Macron .le fou on est .fichu",0
Rassemblement National,Il est dangereux,0
Rassemblement National,La honte de la France,0
Rassemblement National,ComplÃ¨tement cinglÃ©,0
Rassemblement National,Ces ministres feraient mieux de se la fermer,0
Rassemblement National,J espÃ¨re que sa carriÃ¨re politique s arrÃªtera la,0
Rassemblement National,je ne pense pas qu il y ait plus idiot que celui lÃ  !!!!!!!,0
Rassemblement National,"Degages marine ...sans Bayrou tu ne serais pas avec tes 500 parrainages....
.tu sers Ã  rien ...tu as enlevÃ© de ton programme le crÃ©dit ...la retraite Ã  60 ans....etc tu reviens sur tout adieu ....",0
Rassemblement National,"Vous avez peut-Ãªtre eu vos 500 parrainages, mais vous n'aurez plus les voix des Ã©lecteurs. Dommage !",0
Rassemblement National,Vous Ãªtes la honte pour nous FranÃ§ais vous avez votÃ© au parlement europÃ©en contre l'aide Ã  l'Ukraine,0
Rassemblement National,"On ne vote pas pour battre quelqu'un mais pour dÃ©fendre ses idÃ©es. Ce post, rÃ©pÃ©tÃ© quotidiennement
, est indigne d'une campagne prÃ©sidentielle.",0
Rassemblement National,Vous Ãªtes tous mal placÃ©,0
Rassemblement National,Faux bidon,0
Rassemblement National,"DÃ‰GAGE DÃ‰MENTE ADORATRICE DES AUTOCRATES MAFIEUX QUE SONT LES POUTINE, TRUMP, BOLSONARO, DONT TU RAFOLES !
JAMAIS VOUS NE SEREZ PRÃ‰SIDENTE, JAMAIS ! VOUS POURREZ CONTINUER AINSI Ã€ VOUS OCCUPER DE VOS CHATS SANS AVOIR Ã€ LES CONFIER Ã€ VERSAILLES !
VIVE Lâ€™Ã‰VIDENCE, LA COHÃ‰RENCE ET LA RAISON : VIVE LA RÃ‰Ã‰LECTION DE MACRON 2022 ğŸ‡«ğŸ‡· ğŸ‡ªğŸ‡º, PLUS QUE JAMAIS !",0
Rassemblement National,Pile poil Ã  cÃ´tÃ© de la plaque,0
Rassemblement National,"Bidon total, vous n'avez mÃªme pas Ã©tÃ© capables de voter contre le pass de la honte ... et on essaye de faire des promesses maintenant pour le peuple ??? Tartuffe !",0
Rassemblement National,CONTRE,0
Rassemblement National,Attention a ce que la chute ne soit pas trop forte en voulant donner trop aux 18 25 ans a 26 faudra payer et la quand t as pas paye pendant 7 ans c est dur,0
Rassemblement National,Il m'Ã©nerve celui lÃ  ğŸ¤®ğŸ¤®ğŸ¤®ğŸ¤®ğŸ¤®ğŸ¤®ğŸ¤®ğŸ¤®ğŸ¤®ğŸ¤®,0
Rassemblement National,"C'est Ã§Ã  la dÃ©mocratie, l'Ã©galitÃ© ?honte a ce systÃ¨me, plus besoin d'aller voter, les maires ont fait leur choix,faudra y penser aux prochaines municipales",0
Rassemblement National,"C'est anti dÃ©mocratique !!! MÃªme si je suis 100% contre un candidat il devrait avoir ses parrainages !!!

Honte aux Maires !!!! Vous Ãªtes lamentables",0
Rassemblement National,Ce pays est une mafia... Ras le bol et c'est triste,0
Rassemblement National,"Une honte, ils leurs font peur, voilÃ  le pourquoi.",0
Rassemblement National,Une preuve de plus du vol de notre dÃ©mocratie !!!!!!!!!! Les dessous de Macron !!!!!!,0
Rassemblement National,A vomir ce systeme,0
Rassemblement National,NE RÃŠVE PAS Â§ SA NE CHANGERA PAS . TOUT LES FOIS ON DIT LA MÃŠME CHOSE ///,0
Rassemblement National,Avec vous plus jamais j'espÃ¨re que Ã§a va rÃ©aliser compris FRANCAIS NE VOUS TROMPEZ PAS PLUS SE MEC QUI NOUS FAIS VOMIRğŸ¤®ğŸ¤®ğŸ¤®ğŸ¤®ğŸ¤®ğŸ¤®ğŸ¤®ğŸ’©ğŸ’©ğŸ’©ğŸ’© il faud qu'ont dit vive la FRANCE sans macron notre belle FRANCEğŸ‡¨ğŸ‡µğŸ‡¨ğŸ‡µğŸ‡¨ğŸ‡µğŸ‡¨ğŸ‡µğŸ‡¨ğŸ‡µâœŒâœŒâœŒâœŒ,0
Rassemblement National,Elle ment comme tous. ğŸ¤¬,0
Rassemblement National,Me voilÃ  enfin adhÃ©rant au parti de notre future prÃ©sidente de la rÃ©publique ! #adhesion #RassemblementNational #MarineLePen #MarinePresidente https://t.co/qZ0Wfd3ZRp,1
Rassemblement National,TOUS POUR #rassemblementnational,1
Rassemblement National,"Merci Ã  la Dynamique des militants du #RN 
de tout cÅ“ur avec vous .
Vive le #rassemblementnational https://t.co/HCWR632gAp",1
Rassemblement National,"GrÃ¢ce Ã  #MarinePresidente la #France retrouvera sa puissance et sa crÃ©dibilitÃ©, elle seule peut redonner ses lettres de noblesse Ã  notre si beau pays #RassemblementNational #MarineLePen https://t.co/l0Ip7jZeaX",1
Rassemblement National,"ã€ŠMarine sur le Frexit cela deviendra rÃ©alitÃ© quand elle sera prÃ©sidente. Vive La France ğŸ‡¨ğŸ‡µ.
Le CrÃ©dit vidÃ©o - @LCI.ã€‹
#MarinePresidente #RN38 #TousAvecMarine #RassemblementNational https://t.co/djOWAfOCQz",1
Rassemblement National,"@presidentielle_2022_ Marine toujours au top. Vous devriez demander aux autres candidats, vu qu ils se prÃ©sentent c est pour dÃ©trÃ´ner macron, alors pourquoi donner leur votes au 3 Ã¨me tour et appeler Ã  voter pour lui. Soit on est contre soit on est neutre. Mais fzut arrÃªter de jouer les girouettes",1
Rassemblement National,Bravo il faut du courage et du sang froid devant c'est gauchos vive marine ğŸ‡¨ğŸ‡µğŸ‡¨ğŸ‡µğŸ‡¨ğŸ‡µğŸ‡¨ğŸ‡µ,1
Rassemblement National,Bravo....Pas facile de s'expliquer dans un interview Ã  charge....ğŸ‘ je ne felicite pas ces deux journalistes,1
Rassemblement National,Bravo Mme Lepen de penser a votre pays en prioritÃ©ğŸ‘ğŸ‘ğŸ‘ğŸ‡¨ğŸ‡µğŸ‡¨ğŸ‡µğŸ‡¨ğŸ‡µğŸ‡¨ğŸ‡µ,1
Rassemblement National,"Vous avez Ã©tÃ© superbe Marine ğŸ’™ malgrÃ© trois toutous qui ont essayÃ© de vous dÃ©stabiliser,,, soutien Ã  vous et Ã  tous au RN ğŸ¤—ğŸ’™ğŸ‡«ğŸ‡·",1
Rassemblement National,Bravo Marine,1
Rassemblement National,On vous soutiens ! #marine2022,1
Rassemblement National,ğŸ˜vive marine,1
Rassemblement National,Bravo marine â¤ï¸â¤ï¸â¤ï¸,1
Rassemblement National,Une lionne ğŸ¦ face Ã  un taureau â™‰ï¸ Madame Le Pen PrÃ©sidente â“‚ï¸ğŸ‡«ğŸ‡·,1
Rassemblement National,Jâ€™adore,1
Rassemblement National,Vous Ãªtes trÃ¨s convainquant Madame !!!ğŸ’–ğŸ’™ğŸ’™ğŸ’™ğŸ’™ Toujours pour vous !!!! Et derriÃ¨re  vous !!!ğŸ‡¨ğŸ‡µğŸ‡¨ğŸ‡µğŸ‡¨ğŸ‡µğŸ‡¨ğŸ‡µğŸ’–ğŸ’™ğŸ’™ğŸ’™ğŸ’™ğŸ’™,1
Rassemblement National,"Je suis Ã  votre Ã©coute Marine Lepen, et je suis Ã©tonnÃ© qu'elle a  changÃ© en vert l'Ã©lection 2017 ,elle est plus bien plus posÃ©e ,elle Ã  de bon arguments de bon sujets un programme trÃ¨s ficelÃ© et de sincÃ©ritÃ©, merci Marine Lepen..",1
Rassemblement National,Bravo Marine ğŸ‘trÃ¨s trÃ¨s parlÃ© vous Ãªtes notÃ© futur prÃ©sidente,1
Rassemblement National,"â¤ï¸â¤ï¸trÃ¨s trÃ¨s belle prestation de notre future prÃ©sidente MARINE LE PEN que tous les franÃ§ais qui veulent le changement ailles voter mÃªme les abstentionnistes, MARINE doit Ãªtre notre presidente le 24 avril 2022",1
Rassemblement National,Et en grande partie utopique.  Mais on sait que ce pauvre type de Le Maire a une carriÃ¨re et un ego dÃ©mesurÃ© Ã  gÃ©rer Ã  dÃ©faut de convictions.  Bruno le renouveau de la primaire 2017 des RÃ©publicains s'est rÃ©vÃ©lÃ© quelques mois plus tard Ãªtre Bruno le gigolo.,1
Rassemblement National,"Vous Ãªtes excellente Mme Lepen, naturelle, sereine, franche et combative. Avec ce mÃªme charisme qui vous caractÃ©rise. Vous etes un modele de force.",1
Rassemblement National,"Elle a Ã©tÃ© Excellente, elle a fait fermer la bouche ( pour Ãªtre polie ) Ã  tous ces journaleux, qui dÃ¨s le dÃ©but voulaient la dÃ©stabiliser, un scandale ces tÃªtes de C..., ils ne se disent pas les FranÃ§aisğŸ‡²ğŸ‡« nous regardentğŸ‘€ğŸ‘ï¸ğŸ‘ï¸ et NOUS JUGENTğŸ¤®ğŸ¤®ğŸ¤®",1
Rassemblement National,ğŸ‘bravo Marine vous avez Ã©tÃ© parfaite lors de cette interview,1
Rassemblement National,En route pour l ElysÃ©esğŸ™ŒğŸ™ŒğŸ™Œ,1
Rassemblement National,"Youppi , super lacroote au chiotte  et Marine  prÃ©sidente  V comme victoire",1
Rassemblement National,Braaaaaavo!,1
Rassemblement National,Allez !!! Vous y Ãªtes presque!!! On croit en vous !â¤ï¸,1
Rassemblement National,Bravo ğŸ‘ğŸ‘marine vous avez rÃ©ussie toutes mes fÃ©licitations vous avez gagnÃ©,1
Rassemblement National,Maintenant il faut se serrer les coude s tous ensemble pour les Ã©lections  il faut virer Macron et prendre sa place et vous allez Ãªtre prÃ©sidente de la RÃ©publique  victoire âœŒ pour Marine et vive Marine â¤â¤ğŸ™ğŸ™ğŸ¥°ğŸ¥°ğŸ’ğŸŒº,1
Rassemblement National,FÃ©licitations ğŸŠ,1
Rassemblement National,VIVE MARINE â¤ï¸ğŸ‡«ğŸ‡·,1
Rassemblement National,"Enfin,  maintenant il faut foncÃ©. Bravo Marine.",1
Rassemblement National,ğŸ™ŒğŸ™ŒğŸ™Œ super vive marine,1
Rassemblement National,GÃ©nial ğŸ‘ bravo,1
Rassemblement National,ğŸ‘ğŸ‘ğŸ‘ğŸ‘ ğŸ‡¨ğŸ‡µğŸ‡¨ğŸ‡µğŸ‡¨ğŸ‡µğŸ‡¨ğŸ‡µğŸ‡¨ğŸ‡µ Trop content . !!! MARINE  il te reste a faire ton travail comme il faut pas te loupÃ© cette fois-ci  courage !,1
Rassemblement National,Genial . Bravo,1
Rassemblement National,Ouf super,1
Rassemblement National,A notre tour marine prÃ©sidente,1
Rassemblement National,Ouf!! Bravo!!,1
Rassemblement National,Enfin la bonne nouvelle ğŸ‡«ğŸ‡·â¤ï¸,1
Rassemblement National,FÃ©licitations ğŸ‘,1
Rassemblement National,Yâ€™a plus quâ€™Ã  ğŸ‘,1
Rassemblement National,Bravo,1
Rassemblement National,Vive Marine...et Vive la France ğŸ‡¨ğŸ‡µğŸ‡¨ğŸ‡µ,1
Rassemblement National,Câ€™est un soulagement !,1
Rassemblement National,FÃ©licitations Ã  Marine ğŸ‘,1
Rassemblement National,Franchement content ğŸ™ğŸ™ğŸ™ c'Ã©tait l'une de mes prÃ©occupations du moment fÃ©licitations â¤ï¸ğŸ‡¨ğŸ‡µğŸ¥–,1
Rassemblement National,"super cool je suis content pour elle Bravo """,1
Rassemblement National,Vive MARINE.ğŸ‘ğŸ‘â¤ï¸,1
Rassemblement National,ğŸ‡¨ğŸ‡µğŸ‡¨ğŸ‡µğŸ‡¨ğŸ‡µğŸ‡¨ğŸ‡µğŸ‡¨ğŸ‡µğŸ‘ğŸ‘ğŸ‘ğŸ‘ vive la France,1
Rassemblement National,Je suis trÃ¨s heureux et content merci beaucoup aux maires,1
Rassemblement National,Superbe bravo marine bonne maintenant c et a nous Ã©lecteurs d Ãªtre prÃ©sent en monbre aux urnes alors tous pour marine en 2022,1
Rassemblement National,Bravoo,1
Rassemblement National,Bravo,1
Rassemblement National,Bravo. Marine prÃ©sidente ğŸ™Œ,1
Rassemblement National,Plus qu'une marche pour accÃ©der au sommet du podium..,1
Rassemblement National,ğŸ‘ğŸ‘ğŸ‘ğŸ‘ğŸ‘ğŸ‘ğŸ‘ğŸ‘ğŸ‘ğŸ‘ğŸ‘ğŸ‘ğŸ‘ğŸ‘ğŸ‘ğŸ‘ğŸ‘ğŸ‘ğŸ‘Trop contente !ğŸ‡¨ğŸ‡µğŸ‡¨ğŸ‡µğŸ‡¨ğŸ‡µğŸ‡¨ğŸ‡µğŸ‡¨ğŸ‡µğŸ‡¨ğŸ‡µğŸ‡¨ğŸ‡µğŸ’™ğŸ’™ğŸ’™ğŸ’™ğŸ’™ğŸ’™ğŸ’™ğŸ’™ğŸ’–ğŸ’–ğŸ’–ğŸ’–,1
Rassemblement National,Marine  le 24 avril est Ã©lu prÃ©sidente de la rÃ©publique,1
Rassemblement National,Bravo vivre la France ğŸ‡¨ğŸ‡µ,1
Rassemblement National,"Bravo , maintenant aux choses sÃ©rieuses , vers l'ElysÃ©e et virer Macron , sortir de l'OTAN , faire l'Europe des nations et puis lutter sÃ©rieusement contre l'islamisme et l'immigration clandestine , fonce Marine",1
Rassemblement National,ğŸ‘ lÃ  c'est sÃ»r je vais pouvoir aller voter ğŸ‘,1
Rassemblement National,"FÃ©licitations Marine, c'est maintenant !ğŸ‘ğŸ‘ğŸ‘ğŸ‘",1
Rassemblement National,Bravo marine â¤ï¸â¤ï¸â¤ï¸â¤ï¸â¤ï¸,1
Rassemblement National,Waouh super,1
Rassemblement National,Super contente pour vous Marine,1
Rassemblement National,Bravo Marine,1
Rassemblement National,Vive Marine le Pen prÃ©sidente de la France ğŸ‡¨ğŸ‡µ ğŸ‡¨ğŸ‡µ ğŸ‡¨ğŸ‡µ ğŸ‡¨ğŸ‡µ ğŸ‡¨ğŸ‡µ ğŸ‡¨ğŸ‡µ ğŸ‡¨ğŸ‡µ ğŸ‡¨ğŸ‡µ,1
Rassemblement National,Super ğŸ‘ğŸ‘ğŸ‘ğŸ˜ğŸ˜,1
Rassemblement National,MARINE !!! MARINE !!! MARINE !!! Inscription Ok maintenant yâ€™a plus quâ€™a ğŸ¤ğŸ¼ğŸ¤ğŸ¼,1
Rassemblement National,FÃ©licitations ğŸ‘ğŸ‘ğŸ‘ enfin une bonne nouvelle ğŸ™ŒğŸ¼,1
Rassemblement National,Super,1
Rassemblement National,Merci a vous messieurs les Maires de France,1
Rassemblement National,Bravo a vous ğŸ˜ğŸ˜ğŸ˜ğŸ˜ je vote pour vous allez Marine vive la France,1
Rassemblement National,"â¤ï¸â¤ï¸â¤ï¸tout Ã  fait mettons Marine prÃ©sidente pour dÃ©gager cette crapule et ses sbires,  VIVE MARINE ET LE RN tous derriÃ¨re elle pour cette grande victoire",1
Rassemblement National,"Forza @marine_lepen ! ğŸ™ŒğŸ»ğŸ‘ğŸ»ğŸ‡«ğŸ‡·ğŸ˜€ Ensemble, faisons sortir Macron de lâ€™Ã‰lysÃ©e au plus vite !",1
Rassemblement National,J espÃ¨re bien â¤ï¸ğŸ‘ğŸ˜,1
Rassemblement National,Qu il degage on en peut plus de lui allez marine ont doit gagnÃ©,1
Rassemblement National,MARINE PRESIDENTE!!!!!!!!@,1
Rassemblement National,ğŸ‡¨ğŸ‡µğŸ‡¨ğŸ‡µğŸ‡¨ğŸ‡µ VIVE MARINE ğŸ‡¨ğŸ‡µğŸ‡¨ğŸ‡µğŸ‡¨ğŸ‡µ,1
Rassemblement National,Marine2022,1
Rassemblement National,Vive marine,1
Rassemblement National,Marine prÃ©sidente,1
Rassemblement National,J'espÃ¨re que vous aurez le 500 signatures.  Je prie pour la dÃ©mocratie. La vraie et espÃ¨re VRAIMENT que vous allez pouvoir candidater.  Ne lÃ¢chez rien Marine. AVEC MARINE,1
Rassemblement National,"J'y Ã©tais , magnifique ğŸ‘ğŸ‘ğŸ‡²ğŸ‡«âœï¸ğŸ’™ğŸ¤â¤ï¸",1
Rassemblement National,Bravo je vote Marine,1
Rassemblement National,"Jâ€™y Ã©tais aussi elle Ã©tait excellente, exceptionnelle et une ambiance chaleureuse, accueillante et magique !!!! Jâ“‚ï¸lağŸ‡«ğŸ‡·",1
Rassemblement National,A faire tourner en boucle merci et surtout ne vous trompez plus de bulletin de vote..VOTONS TOUS RN ET VIVE MARINE LEPEN PRÃ‰SIDENTE VITE VITE VITE,1
Rassemblement National,Jâ“‚ï¸laFranceğŸ‡«ğŸ‡·ğŸ’•ğŸ’•ğŸ’•avec Mme Marine Le Pen,1
Rassemblement National,VOTEZ MARINE AU URNES ET  POUR LES DEUX TOURS  ILS FAUT L AIDER ET LA SOUTENIR PIUR TOUS CE QU ELLE FAIT POUR NOUS EN CE MOMENT DONC MARINE PRÃ‰SIDENTE DE LA RÃ‰PUBLIQUE VIVE MARINE VIVE LA FRANCE AUX FRANCAIS,1
Rassemblement National,Je crois en vous,1
Rassemblement National,Marine prÃ©sidente pour sauver la France c'est une femme courageuse et honnÃªte bravo Marine.,1
Rassemblement National,A trÃ¨s vite marine ! ğŸ¤ğŸ¤,1
Rassemblement National,C et claire moi fidÃ¨le Ã  marine,1
Rassemblement National,Sa paraÃ®t tellement logique â¤ï¸â¤ï¸â¤ï¸,1
Rassemblement National,"@orpheern_number7 tu vas Ã  ses metting elle t'expliquera et tu en sera convaincu, n'est pas peur elle ne brasse pas du vent, MARINE a 1 programme qui tient la route",1
Rassemblement National,â¤ï¸â¤ï¸â¤ï¸â¤ï¸â¤ï¸elle a raison,1
Rassemblement National,Sa s et une vraie prÃ©sidente,1
Rassemblement National,Marine .vite vite,1
Rassemblement National,Vive marineğŸ‘,1
Rassemblement National,ğŸ‘â¤ï¸â¤ï¸ğŸ‘ j'y crois vive Marine Le Pen prÃ©sidente de la RÃ©publique FranÃ§aise 2022ğŸ˜‰ğŸ¥°,1
Rassemblement National,"Je souhaite bien que vous Madame Marine Le Pen que vous allez Ãªtre lÃ  GRANDE FEMME PRÃ‰SIDENTE DE LA GRANDE FRANCE !... votre objectif ce les jeunes la gÃ©nÃ©ration future!... oui je suis d'accord avec vous Ã  ce point mais il faut que cette gÃ©nÃ©ration future ce rÃ©veil pour la vrai vie de travail et pas pour des chemins de perte et violence !...je vous demande de penser Ã  toute les familles honnÃªte que vive en difficultÃ© !...je vous demande pour de penser Ã  toute les personnes Ã¢gÃ©es ou jeunes que vivent seul en situation de handicap !...je vous demande un grande nettoyage de cette GRANDE FRANCE !...et surtout pensez au droits des femmes et il faut arrÃªter avec urgence la violence contre les femmes !...et aussi que les salariÃ©s et les droits des femmes passe Ã  Ãªtre obligÃ© pareille aux salariÃ©s et aux droits des hommes !...il faut arrÃªter le chauvinisme !...je suis Ã  cÃ´tÃ© de toutes les femmes que les droits passent Ã  Ãªtre pareil aux droits des hommes !... pourquoi je vous demande Ã§a ?...pour lÃ  vrai raison que je souhaite du fond de mon coeur que vous serais lÃ  bienvenue et prochaine prÃ©sident de la France et vous Ã©tÃ© femme que irÃ¡ je suis sÃ»re que vous allez remplacer Mr Macron que est un homme et il y as un salaire d'un prÃ©sident !...vous comme femme et je rÃ©pÃ¨te que je souhaite du fond de mon coeur que vous allez Ãªtre lÃ  prochaine PrÃ©sident de la GRANDE FRANCE vous allez avoir le droit de recevoir le mÃªme salaire que Mr Macron !...et lÃ  je vous demande de bien penser et voir au salariÃ©s homme et femme, pourquoi une femme fait le mÃªme travail que un homme et sont salaire et moins que le salaire d'un homme ???je suis sur que vous Ãªtes la unique GRANDE FEMME CAPABLE DE CHANGER CETTE FRANCE !... MERCI MADAME MARINE LE PEN!...VIVE LA FRANCE ET SURTOUT VIVE LE RASSEMBLEMENT NATIONAL ğŸŒ¹",1
Rassemblement National,On vous rÃªve Marine ğŸ˜,1
Rassemblement National,â¤ï¸â¤ï¸tous avec Marine,1
Rassemblement National,"@maks_btz parce que c'Ã©tait le choix d'un petit inconnu qui a Ã©tÃ© fÃ©dÃ©rateurs.. ğŸ¤®ğŸ¤®ğŸ’©ğŸ’© aujourd'hui elle est enfin prÃªte et tout en modÃ©ration, vive marineğŸ‡«ğŸ‡·ğŸ™ğŸ’–",1
Rassemblement National,J'aimerais bien un 2Ã¨me tour Madame lepen et Mr Zemmour pour tous leurs mettent bien profond Ã  tous ces cons ğŸ‘ğŸ™,1
Rassemblement National,"@cri.sroc je peux te donner des leÃ§ons ""trÃ¨s"" particuliÃ¨res si tu veux ğŸ˜‰ğŸ˜˜",1
Rassemblement National,"Je l'espÃ¨re ,car il faut sauver la France",1
Rassemblement National,je souhaite vivement que madame le Pen Marine rÃ©ussisse et passe au premier tour pour que tout ces vautours et macron dÃ©gage,1
Rassemblement National,Vive MARINE ET VITE,1
Rassemblement National,Marine si elle se dÃ©fend.  Elle peut battre macron..,1
Rassemblement National,VIVE Marine â¤ï¸â¤ï¸â¤ï¸ VIVE La France ğŸ‡«ğŸ‡·ğŸ‡«ğŸ‡·ğŸ‡«ğŸ‡·ğŸ‡«ğŸ‡·,1
Rassemblement National,Allez Marine!!!,1
Rassemblement National,Vive Marine notre futur prÃ©sidente,1
Rassemblement National,Jâ€™aime mais il faut compter aussi avec Ã‰ric Zemmour,1
Rassemblement National,Vive marine lepen presidente 2022 pour cinq ans,1
Rassemblement National,Vive Marine âœŒï¸âœŒï¸âœŒï¸âœŒï¸âœŒï¸âœŒï¸,1
Rassemblement National,Vive marine ğŸ˜,1
Rassemblement National,Continuons ! On va gagner. ğŸ”¥ğŸ™Œâ¤ï¸,1
Rassemblement National,Oui j'espÃ¨re cette fois ci marine ğŸ‘,1
Rassemblement National,Marine prÃ©sidente de la RÃ©publique de France,1
Rassemblement National,Oui la SEULE @ET UNIQUE VOUS AVEZ. RAISON ğŸ™ğŸ™ğŸ™âœï¸ğŸ€ğŸ‡«ğŸ‡·ğŸ€,1
Rassemblement National,Je fais confiance a Marine,1
Rassemblement National,Rejoindre le bus marine vive la ğŸ‡«ğŸ‡·ğŸ¤·â€â™€ï¸ğŸ‘â¤ï¸â€ğŸ©¹â¤ï¸â€ğŸ©¹â¤ï¸â€ğŸ©¹â¤ï¸â€ğŸ©¹ğŸ‘©â€ğŸŒ¾22/27ğŸ‘‘,1
Rassemblement National,Ã‰norme soutienğŸ”¥ğŸ”¥ğŸ”¥ğŸ”¥ğŸ”¥ğŸ”¥ğŸ”¥ğŸ”¥ğŸ”¥ğŸ”¥ğŸ”¥,1
Rassemblement National,Avec Marine ğŸ‘ğŸ‘ğŸ‘ğŸ‘ğŸ‘ğŸ‘ğŸ”¥ğŸ”¥ğŸ”¥,1
Rassemblement National,Marine est notre presidente dans nos cÅ“urs ğŸ§¡ et bientÃ´t PrÃ©sidente de la RÃ©publique FranÃ§aise ğŸ’™ğŸ¤â¤ï¸,1
Rassemblement National,â¤ï¸ğŸ‘Marine prÃ©sidente de la RÃ©publique vive Marine et vive ma france,1
Rassemblement National,@marine_lepen @rassemblementnational_fr fait une superbe campagne ğŸ‘ğŸ‘ğŸ‘,1
Rassemblement National,â¤ï¸ vive marine,1
Rassemblement National,Vive Marine le Pen prÃ©sidente,1
Rassemblement National,La patronne â™¥ï¸,1
Rassemblement National,Elle resplendissante Marine,1
Rassemblement National,La patronne je vous adore,1
Rassemblement National,"PÃ©tillante Marine, ğŸ¥‚ğŸ‡¨ğŸ‡µ",1
Rassemblement National,Allez Marine bon courage câ€™est la derniÃ¨re ligne droite bientÃ´t prÃ©sidente,1
Rassemblement National,Vive vive Marine Le Pen Rassemblement Nationale sauver la France et Europe â¤ï¸,1
Rassemblement National,ğŸ‘ğŸ‘ğŸ‘grande Marine LÃ©pine..forza .ğŸ‘ğŸ’ªğŸ’ª,1
Rassemblement National,Respect â¤ï¸â¤ï¸â¤ï¸â¤ï¸â¤ï¸â¤ï¸â¤ï¸â¤ï¸â¤ï¸â¤ï¸â¤ï¸â¤ï¸â¤ï¸â¤ï¸,1
Rassemblement National,La patronne â¤ï¸â¤ï¸â¤ï¸â¤ï¸ğŸ˜ğŸ˜ğŸ˜,1
Rassemblement National,Il faudrait quâ€™au deuxiÃ¨me tour marine et Ã‰ric soit prÃ©sents au moins ce serait la garantie dâ€™une France apaisÃ©e,1
Rassemblement National,Madame Le Pen toujours aimable ğŸ˜™,1
Rassemblement National,Bel accueil et vive le RN !! ğŸ˜â¤ï¸,1
Rassemblement National,Marine â¤ï¸ ğŸ‡«ğŸ‡· ğŸ™,1
Rassemblement National,Zemmour vs marine au second tour le bonheur ğŸ‡¨ğŸ‡µ,1
Rassemblement National,Sans lui et sans les autres Marine 2022 ğŸ‡«ğŸ‡·,1
Rassemblement National,"Faut pas croire tout ce qui se raconte sur les rÃ©seaux sociaux ! Moi personnellement je vote Marine j'ai de ma vie changer de veste, je crois en toi Marine ma future prÃ©sidente â¤",1
Rassemblement National,avec @marine_lepen,1
Rassemblement National,Surtout sans lui vive marine lepen,1
Rassemblement National,J'y Ã©tais... c'Ã©tait gÃ©nial et Ã©mouvant j'ai eu mon selfie avec Marine ğŸ˜¢ğŸ˜¢ğŸ˜ğŸ˜ğŸ˜ğŸ˜ğŸ˜ğŸ˜ğŸ˜ğŸ˜ğŸ˜ğŸ˜ğŸ˜ğŸ˜ğŸ˜ğŸ˜ğŸ˜,1
Rassemblement National,"â¤ï¸â¤ï¸ trÃ¨s beaux discours de MARINE et de toute son Ã©quipe, j''y Ã©tais j'ai adorÃ© vive MARINE on est chez nous ont va gagnÃ© ğŸ‘ğŸ‘ğŸ‘ğŸ‘",1
Rassemblement National,Allez Marine ğŸ‘,1
Rassemblement National,Wouaaaa bravoooo c'est maaagnifique ... â¤ï¸ğŸ‘ğŸ˜,1
Rassemblement National,Super meeting ! Merci ğŸ’™ğŸ¤â¤,1
Rassemblement National,Il faut que marine gagne la prÃ©sidentielle car il faut que cela change pour de bon ğŸ‘ğŸ‘ğŸ‘,1
Rassemblement National,@monsieur_tan_guy tu peux essayer de te rassurer comme tu peux... Il n aura jamais les fidÃ¨les que Marine a,1
Rassemblement National,Bravo Marine j Ã©tais au 5 Ã¨me rang avec ma fille vive Marine et vive la France et Marine PrÃ©sidente de la RÃ©publique FranÃ§aise,1
Rassemblement National,La Reine â¤ï¸â¤ï¸â¤ï¸,1
Rassemblement National,"J'ai bien Ã©coutÃ© en tout cas le discour, c'Ã©tait vraiment bien parlÃ© et ce que je trouve impressionnant chez Marine, c'est qu'elle y a mis beaucoup d'Ã©motions comme elle le fait habituellement.

Toutes mes fÃ©licitations Marine et bonne chance!",1
Rassemblement National,Bravo Marine on est Ã  tes cÃ´tÃ©s,1
Rassemblement National,Bravo,1
Rassemblement National,"Quelle ambiance, quelle soirÃ©e ! ğŸ”¥ Merci Marine ğŸ‡«ğŸ‡·ğŸ’™ğŸ¤â¤",1
Rassemblement National,MARINE !!! TU ME CONVAINS  DE PLUS EN PLUS ! ALLEZ MARINE LE  PEN !!ğŸ’™ğŸ’™ğŸ’™ğŸ’™ğŸ‡¨ğŸ‡µğŸ‡¨ğŸ‡µğŸ‡¨ğŸ‡µğŸ‡¨ğŸ‡µğŸ‡¨ğŸ‡µğŸ‘ğŸ‘ğŸ‘,1
Rassemblement National,Totalement  d'accord !!ğŸ’™ğŸ’™ğŸ’™ğŸ‡¨ğŸ‡µğŸ‡¨ğŸ‡µğŸ‡¨ğŸ‡µ,1
Rassemblement National,Bravo Marine bien parler â¤ï¸â¤ï¸â¤ï¸,1
Rassemblement National,MARINE '' PRÃ‰SIDENTE '' !!,1
Rassemblement National,Marine Le Pen presidente del Francese 2022.,1
Rassemblement National,Marine Le Pen president of France 2022,1
Rassemblement National,Bravo Marine on va gagner,1
Rassemblement National,C'Ã©tait super Marine PrÃ©sidente ğŸ‘ğŸ˜,1
Rassemblement National,â¤ï¸ğŸ™ŒğŸ‘ğŸ˜on.  Va.  GagnÃ©.  Vive.  Le.  Rn.  Bravo.  Fab,1
Rassemblement National,Bon chance Mme la prÃ©sidente ğŸ”¥,1
Rassemblement National,J Ã©tais dans la foule avec ma fille et c Ã©tait super de vous voir Marine vous serez prÃ©sidente de la RÃ©publique FranÃ§aise vive Marine vive la france,1
Rassemblement National,ğŸ‘ğŸ‘bientÃ´t marine lepen prÃ©sidente,1
Rassemblement National,ğŸ‡¨ğŸ‡µ RN ğŸ‡¨ğŸ‡µ ğŸ™ğŸ»ğŸ€,1
Rassemblement National,"Vivement le changement, bravo",1
Rassemblement National,Soutient,1
Rassemblement National,Marine prÃ©sidente,1
Rassemblement National,Je te soutiens de loin marine â¤ï¸ğŸ‘ğŸ˜,1
Rassemblement National,Vive marine ğŸ˜ŠğŸ‡«ğŸ‡·,1
Rassemblement National,Dommage que je ne peux pas participÃ© ğŸ˜,1
Rassemblement National,Marine prÃ©sidente !!,1
Rassemblement National,"Mme le Pen sachez que vous Ãªtes le dernier espoir pour la France, tout mon soutien en espÃ©rant que vous allez tout dÃ©chirez dÃ©gager moi les 2 dictateurs de Pecresse et le Macron qui emmerde les FranÃ§ais. Que les FranÃ§ais vous donne une chance d'Ãªtre PrÃ©sidente des FranÃ§ais et qu'il ne fasse pas d'erreurs.ğŸ’ªğŸ™",1
Rassemblement National,Bonjour une Ã©poque je vous haissez aujourd'hui je vous soutiens et je vous ai compris Bonne jjournÃ©e ğŸ™,1
Rassemblement National,Soyez zen dans le discours que de la rÃ©alitÃ© et pas de faux espoirs on vs soutiens,1
Rassemblement National,ğŸ‡µğŸ‡¹ avec Marine. Bienvenue Ã  Reims ğŸ‡«ğŸ‡·,1
Rassemblement National,dans tt les cas marine=avenir,1
Rassemblement National,vous faites du trÃ¨s bon travailğŸ‘,1
Rassemblement National,"Ils sont trop beaux gosses au rassemblement national ğŸ˜, surtout Jordan Bardella et Aleksandar Nikolic, elle est bien entourÃ©e Marine ğŸ¥°",1
Rassemblement National,GÃ©nialâ¤ï¸â¤ï¸â¤ï¸â¤ï¸â¤ï¸â¤ï¸â¤ï¸â¤ï¸,1
Rassemblement National,ğŸ’™ğŸ’™ğŸ’™ğŸ’™ğŸ‡¨ğŸ‡µğŸ‡¨ğŸ‡µğŸ‡¨ğŸ‡µğŸ‡¨ğŸ‡µğŸ‡¨ğŸ‡µğŸ‡¨ğŸ‡µ Allez Marine Le Pen ! Avec vous !!!,1
Rassemblement National,"Comme le preconise Tsahal, un visage pour un oeil, une machoire pour une dent, a l encontre de tous les adversaires du RN..",1
Rassemblement National,Vous voir sourire fait tellement de bien ! â¤ï¸,1
Rassemblement National,Tu parles avec son discours adouci Ã§a m'Ã©tonnerait !!,1
Rassemblement National,Vivement marine lepen la seule qui est crÃ©dible !!!,1
Rassemblement National,a bon entendeurs saluts !,1
Rassemblement National,Vous Ãªtes trÃ¨s sexy mademoiselle,1
Rassemblement National,Marine ne lÃ¢chez rien. Ils veulent et font tout pour vous dÃ©stabiliser. Ils ont peur de vous.  Laissez ceux qui veulent partir partir.  Gardez vos idÃ©es.  Moi et tous vos fans comptons sur vous. L'avenir de la France c'est vous.,1
Rassemblement National,De tout cÅ“ur avec vous et dehors les traites,1
Rassemblement National,Vive vive Marine Le Pen Rassemblement Nationale sauver la France et Europe â¤ï¸,1
Rassemblement National,Marine prÃ©sidente,1
Rassemblement National,Bravo,1
Rassemblement National,Vive MARINE PRÃ‰SIDENTE 2022 SVPPPP...â¤ï¸â¤ï¸â¤ï¸â¤ï¸â¤ï¸ğŸ‡¨ğŸ‡µğŸ‡¨ğŸ‡µğŸ‡¨ğŸ‡µğŸ‡¨ğŸ‡µğŸ‡¨ğŸ‡µğŸ‡¨ğŸ‡µğŸ‡¨ğŸ‡µâ¤â¤â¤,1
Rassemblement National,"Ã‡a  c'est  du concret, et non les promesses dÃ©biles de Zemmour,  Il vole le programme de Marine",1
Rassemblement National,Marine prÃ©sidente,1
Rassemblement National,"Mais les franÃ§ais s'en contre fou du premier ministre de la Hongrie ce que veulent les franÃ§ais c"" une Marine le Pen qui s'occupe plus tÃ´t des FranÃ§ais point barre .",1
Rassemblement National,Elle est bien Marine Le Pen.,1
Rassemblement National,Il n'y a rien de pire que la trahison de tout cÅ“ur avec vous,1
Rassemblement National,Merci beaucoup Marie le Pen,1
Rassemblement National,Marine vous allez gagner cette annÃ©e,1
Rassemblement National,Tous ensembles derriÃ¨re marine pour la victoire vive Marine prÃ©sidente ğŸ‡«ğŸ‡·ğŸ‡«ğŸ‡·ğŸ‡«ğŸ‡·ğŸ‡«ğŸ‡·ğŸ‡«ğŸ‡·ğŸ‡«ğŸ‡·,1
Rassemblement National,Au top,1
Rassemblement National,Bravo Marine notre future prÃ©sidente ğŸ‘ğŸ‘ğŸ‡²ğŸ‡«ğŸ‡²ğŸ‡«ğŸ‡²ğŸ‡«ğŸ‡²ğŸ‡«ğŸ‡²ğŸ‡«ğŸ‡²ğŸ‡«ğŸ‡²ğŸ‡«ğŸ‡²ğŸ‡«âœŒï¸,1
Rassemblement National,L'Ã®le de la RÃ‰UNION et avec vous Marine bravo.,1
Rassemblement National,trop genial,1
Rassemblement National,A votre victoire ğŸ‘ğŸ‘ğŸ‡«ğŸ‡·ğŸ‡«ğŸ‡·,1
Rassemblement National,Marine prÃ©sidente ğŸ‡«ğŸ‡·,1
Rassemblement National,"Bravo marine , Ã  la victoire ğŸ‡¨ğŸ‡µğŸ‡¨ğŸ‡µğŸ™ğŸ™",1
Rassemblement National,Bravo Marine pour les 500parrainage j'espÃ¨re que cette fois sera la bonne,1
Rassemblement National,Bravo Marine,1
Rassemblement National,Vive Marine ğŸ‡«ğŸ‡·âœŠğŸ»,1
Rassemblement National,Bravo Marine derniÃ¨re ligne droite. Marine prÃ©sident.,1
Rassemblement National,Rendez-vous les dimanches 10 et 24 Avril prochain pour la victoire âœŒï¸ ğŸ™ğŸ™,1
Rassemblement National,BRAVOOOOOO !! enfin ! je vais pouvoir voter tranquillement maintenant que je suis sÃ»re qu'elle est lÃ  !!! BRAAAAAVVOOOOO !,1
Rassemblement National,FÃ©licitations a vous,1
Rassemblement National,BRAVO MARINE ON VOUS AIME !!!!!!!,1
Rassemblement National,Quelle victoire ?,1
Rassemblement National,Bravo ğŸ‘,1
Rassemblement National,C'est bien... mais faut gagner maintenant !,1
Rassemblement National,A la victoire ğŸ¥‚ğŸ‡«ğŸ‡·,1
Rassemblement National,Bravo marine Ã  la victoire ğŸ‡«ğŸ‡·ğŸ‡«ğŸ‡·ğŸ™ğŸ™,1
Rassemblement National,Bien les jeunes mes voter câ€™est mieux aider lÃ  Ã  arriver au pouvoir vive Marine prÃ©sidente ğŸ‡«ğŸ‡·ğŸ‡«ğŸ‡·ğŸ‡«ğŸ‡·ğŸ‡«ğŸ‡·ğŸ‡«ğŸ‡·ğŸ‡«ğŸ‡·ğŸ‡«ğŸ‡·,1
Rassemblement National,Vive Marine la meilleure pour le bien de la France hÃ¢te PrÃ©sidente ğŸ’–,1
Rassemblement National,Soutien Ã  Mme LE PEN,1
Rassemblement National,Marine prÃ©sidente ğŸ‡«ğŸ‡·,1
Rassemblement National,Vive marine,1
Rassemblement National,la france quer l'on n'aime pour un vrai changement de politique pour nos parents un mieux vivre,1
Rassemblement National,"Belle jeunesse mÃ©ritante ; il ne faut pas toujours dire :"" avant c'Ã©tait mieux ! Nous avons une jeunesse en or .""",1
Rassemblement National,Vive Marine,1
Rassemblement National,"Allez la jeunesse on vote pour Marine
Il faut un vrai changement et elle est la seule Ã  pouvoir le faire",1
Rassemblement National,vive notre Marine,1
Rassemblement National,vive Marine,1
Rassemblement National,Tous pour Marine,1
Rassemblement National,Marine prÃ©sidente ğŸ‡«ğŸ‡·,1
Rassemblement National,Marine prÃ©sidente ğŸ‡«ğŸ‡·,1
Rassemblement National,Marine prÃ©sidente,1
Rassemblement National,Marine prÃ©sidente ğŸ‡«ğŸ‡·,1
Rassemblement National,ğŸ‘ğŸ‘Vive le RN vive Marine ğŸ‘ğŸ‘,1
Rassemblement National,Bravo Marine..hier soir vous avez Ã©tÃ© claire et ponctuelle.on s'en rÃ©joui..merci.,1
Rassemblement National,Et pour Marine ipipip,1
Rassemblement National,Un excellent accueil câ€™est bien mais nâ€™oubliez pas de voter pour elle et le RN,1
Rassemblement National,Tu mâ€™Ã©tonnes,1
Rassemblement National,N'oubliez pas de voter pour Marine,1
Rassemblement National,Vive marine allez voter pensez Ã  l avenir de vos descendants,1
Rassemblement National,Marine prÃ©sidente ğŸ‡«ğŸ‡·,1
Rassemblement National,bien â™¥,1
Rassemblement National,C'est un taureau ?,1
Rassemblement National,Marine prÃ©sidente ğŸ‡«ğŸ‡·,1
Rassemblement National,"Son Ã©clat de rire fait chaud au cÅ“ur, Ã§a change de la tronche en bais retendue de la bourgeoise",1
Rassemblement National,"c'est elle , que l'ont doit avoir au pouvoir",1
Rassemblement National,Marine prÃ©sidente,1
Rassemblement National,Marine prÃ©sidente ğŸ‡«ğŸ‡·,1
Rassemblement National,Vive la France et vive madame le pen retrouvons notre France et nos producteurs et nos usine franÃ§aise sur notre sol fini d appovir notre paye la France et capable de produire plein de choses on a pas besoin des autre payes pour bien vivre restons franÃ§ais,1
Rassemblement National,Elle est Ã  l Ã©coute des producteurs car prÃ¨s du peuple. Ã‡a change de la Paris Neuilly retendue !,1
Rassemblement National,Vive marine,1
Rassemblement National,"Bravo Marine, Ã§a change de la pecresse qui croit au pÃ¨re NoÃ«l",1
Rassemblement National,Ã‡a change a la PÃ©cresse qui en a strictement rien Ã  faire.... bravo marine ğŸ™,1
Rassemblement National,vive MARINE,1
Rassemblement National,C'est clair bien parlÃ© Marine,1
Rassemblement National,"Oui MARINE. Nous ne voulons plus de macron. Nous avons vÃ©cu un enfer. Entre traverser la route nous emme erder, nous forcer Ã  nous vacciner, nous priver de nos droits, ses pass, ses masques etc etc.. Ses dÃ©penses abusifs, ses petites rÃ©ceptions spÃ©ciales d'un14 juillet, d'autres en privÃ©s pdt les confinements etc etc.. Nous prendre pour des minables. Ã‡a suffit. Bizarrement en ce moment ils nous parlent que de L'Ukraine..",1
Rassemblement National,Ces une grande personne qui veut sortir de la France le drapeau bleu blanc roue.,1
Rassemblement National,Marine s Ã©tÃ© super Ã  ce dÃ©bat oui elle veut le bien Ãªtre des franÃ§ais et sa depuis des annÃ©es,1
Rassemblement National,Oui je veut plus de macron meme avant vite que marine prend sa place,1
Rassemblement National,Vous avez Ã©tÃ© excellente face Ã  ces journalistes prÃªts Ã  vous piÃ©ger.,1
Rassemblement National,Bravo Marine... C'est vrai on ne veux plus de Macron... Moi une ancienne de gauche je vais voter pour toi....,1
Rassemblement National,Beaucoup critique marine mais ne l'a connaisse pas c'est comme celui qui n'aime pas un plat qui n'a jamais goÃ»ter vous dites aimez vos enfants et petits enfants c'est de la rigolade les aimez c'est essayer de les sauver de ces gouvernement de pacotille,1
Rassemblement National,Marine vous avez Ã©tÃ© Ã  la hauteur face Ã  l'inquisition !!! OÃ¹ peut on trouver des journalistes plus mauvais ?,1
Rassemblement National,Marine PrÃ©sidente ğŸ‡«ğŸ‡·,1
Rassemblement National,Marine prÃ©sidente,1
Rassemblement National,C'est exact bien dit Madame,1
Rassemblement National,Vive Marine,1
Rassemblement National,Marine prÃ©sidente ğŸ‡«ğŸ‡·,1
Rassemblement National,Y'a t'il un pilote dans l'avion ????? Marine a raison 5ans de macron je ne retiens que du merdier dans tous les domaines je pensais que l. On ne pouvait faire pire que FranÃ§ois Hollande hÃ© bien non comment comprendre qu'il soit Ã  28%,1
Rassemblement National,Vive marine le Pen prÃ©sidente ğŸ‡«ğŸ‡·ğŸ‡«ğŸ‡·ğŸ‡«ğŸ‡·ğŸ’ªğŸ’ªğŸ’ªğŸ’ªğŸ‘ğŸ‘ğŸ‘ğŸ‘ğŸ‡«ğŸ‡·ğŸ‡«ğŸ‡·ğŸ‡«ğŸ‡·,1
Rassemblement National,Plus macron vive marine Macron va nous faire encore plus la misÃ¨re,1
Rassemblement National,Marine faite revenir les entreprises dÃ©localisÃ©s dejas cela fera de l' emploi sa il faut en parle,1
Rassemblement National,vive Marine,1
Rassemblement National,Marine PrÃ©sidente,1
Rassemblement National,on veut marine.,1
Rassemblement National,Merci Madame Lepen MarineğŸ‘â¤,1
Rassemblement National,On va gagnÃ© vive Marine prÃ©sidente,1
Rassemblement National,"BRAVO MARINE, il faut continuer.",1
Rassemblement National,Avec la marge d'erreur de 5% elle se rapproche de plus en plus de l'Elysee !! Votons pour Marine Le Pen!!! ğŸ‡«ğŸ‡·ğŸ‡«ğŸ‡·ğŸ‡«ğŸ‡·,1
Rassemblement National,Marine je vous est regarder vous Ã©tiez sublime vous Ãªtes prÃªte pour Ãªtre notre prÃ©sidente ensembles nous devons tous aller voter pour Marine la seule Ã  faire dÃ©gager Macron vive Marine prÃ©sidente ğŸ‡²ğŸ‡«ğŸ‘ğŸ‘âœŒï¸â™¥ï¸,1
Rassemblement National,Bravo Marine vous avez Ã©tÃ© impÃ©riale Franche et rÃ©aliste,1
Rassemblement National,"Ã‡a monte , Ã§a monte ! ğŸ‘ğŸ‘ğŸ‘ğŸ”ğŸ”ğŸ”ğŸ”
ğŸ‡¨ğŸ‡µğŸ‡¨ğŸ‡µğŸ‡¨ğŸ‡µVIVE MARINE ğŸ‡¨ğŸ‡µğŸ‡¨ğŸ‡µğŸ‡¨ğŸ‡µ",1
Rassemblement National,Marine prÃ©sidente ğŸ‡«ğŸ‡·,1
Rassemblement National,"Vive Marine....MARIN
E prÃ©sidente",1
Rassemblement National,Chapeau madame lepen et encore bravo,1
Rassemblement National,"Un Grand BRAVO Marine je viens de vous suivre sur BFM vous avez Ã©tÃ© Sublime ! Plus qu'Ã  la hauteur !! Vous avez l'Ã©toffe de prÃ©sidente , !! prÃªte plus que jamais Ã  prendre la France en mains , je vous admire vous avez fait preuve d'un trÃ¨s grand rÃ©alisme et d'une grande sincÃ©ritÃ© en plus dans cette situation dramatique de guerre ou certains on essayÃ© de vous piÃ©ger , j'ai trouvÃ© celÃ  abjecte ! J'espÃ¨re que celÃ  aura servi Ã  tous ceux qui hÃ©sitaient de vous donner leurs voix ! Perso si vous n'Ãªtes pas prÃ©sidente je le vivrai trÃ¨s mal ..je suis sÃ»re d'y laisser des larmes de dÃ©sespoir pour notre pays et pour vous mÃªme !! Marine Preidente !!!",1
Rassemblement National,allez les franÃ§ais continuer il faut que marine soit notre prÃ©sidente ! c est une battabte et quelle continue pour notre nouvelle vie !! merci encore pour elle,1
Rassemblement National,Bonjour Marine il faut que la France change alors on conte sur vous,1
Rassemblement National,Elle a ma voix comme a chaque vote vive Marine,1
Rassemblement National,MAGNIFIQUE PRESTATION SUR BFMTV /// VIVE MARINE !!!!!!!!!,1
Rassemblement National,TrÃ¨s bon dÃ©bat ! Bravo,1
Rassemblement National,On y croit vous seule peut nous sauver de ces 5 ans de galÃ¨re avec Macron qui ne pensait qu au fric et qui jouait au petit roi,1
Rassemblement National,"MARINE presidente bravooooooooooo
ooo",1
Rassemblement National,"Bravo Ã  Marine lepen le soutien de la Nouvelle-CalÃ©do
nie ğŸ‘ğŸ‘ğŸ¤ğŸ‘Š",1
Rassemblement National,Bravos madame lepen!!!vous ete la meilleur!!!,1
Rassemblement National,Vive marine,1
Rassemblement National,Il va falloir que Ã§a monte dans les sondages et que le peuples s'y tienne...ğŸ‡«ğŸ‡·ğŸ‡«ğŸ‡·,1
Rassemblement National,super il faut continuer,1
Rassemblement National,Marine prÃ©sidente,1
Rassemblement National,bravo marine,1
Rassemblement National,Vivement Marine,1
Rassemblement National,Bravo Marine prÃ©sidente,1
Rassemblement National,Marine presidente!! La seule qui peut changer le destin de notre belle France!! Et votez bien cette fois chers AMIES et IS,1
Rassemblement National,Vive marine le Pen prÃ©sidente ğŸ‡«ğŸ‡·ğŸ‡«ğŸ‡·ğŸ‡«ğŸ‡·,1
Rassemblement National,Maintenant ont Fonce merci Marine Le Pen ğŸ‘,1
Rassemblement National,Marine Ã  fait une fois l'erreur en 2017 pas deux fois pour info elle maÃ®trise trÃ¨s bien son dossier,1
Rassemblement National,"Il ne tient qu a vous franÃ§ais que la France change, que la vie quotidienne change.
Nous mÃ©ritons le droit Ã  une vie sereine. AprÃ¨s ces 5 derniÃ¨re annÃ©es.
Pour cela un seul programme claire et prÃ©cis, une seul personne Marine 2022.
Peuple de France Allez votez ...
Et surtout contre Lui des le 1er Tour.",1
Rassemblement National,Super vite MARINE LE PEN ğŸ‡¨ğŸ‡µğŸ‡¨ğŸ‡µğŸ‡¨ğŸ‡µğŸ‡¨ğŸ‡µ,1
Rassemblement National,Vive Marine prÃ©sidente de la rÃ©publique franÃ§aise et vive la France libertÃ© ğŸ—½,1
Rassemblement National,VIVE LE RN VIVE MARINE PRÃ‰SIDENTE DE LA FRANCE ğŸ‘ğŸ‡²ğŸ‡«ğŸ‡²ğŸ‡«ğŸ‡²ğŸ‡«ğŸ‡²ğŸ‡«ğŸ‘âœŒï¸,1
Rassemblement National,Jâ€™espÃ¨re que Marine Le Pen rÃ©ussira Ã  battre Macron. Il ll faut quâ€™elle remplace Macron . Nous comptons sur vous. Merci,1
Rassemblement National,Vive Marie le Pen ğŸ‡¨ğŸ‡µ ğŸ‡¨ğŸ‡µ ğŸ¤—,1
Rassemblement National,Marine Le Pen a tout perdu en 2017......,1
Rassemblement National,Il faut une union entre marine et zemmour pour battre macronâ€¦ et la macron remettra sa tÃ©tine et ira jouer ailleurs !,1
Rassemblement National,Jespere que cette fois si elle sera faire face a macron et kel face pas limbecile aller marine on croit en vous sauver nous de se monde et surtout gouvernement,1
Rassemblement National,Marine prÃ©sidente ğŸ‡«ğŸ‡·,1
Rassemblement National,Merci Mme le Pen.,1
Rassemblement National,c la realite bravo MARINE,1
Rassemblement National,"Marine ta ma voix depuis des annÃ©es, pour 2022 Ã§a sera la mÃªme. Juste hier soir jâ€™ai regardÃ© et pour les profs je suis pas dâ€™accord mais bon ce nâ€™est quâ€™un dÃ©tail. Mais des fois ce sont les profs ou directeur quâ€™il faut parkÃ©",1
Rassemblement National,"au second tour, il y aura Marine face Ã  Zemmour",1
Rassemblement National,j espere vive Marine pour qu on vive enfin mieux !,1
Rassemblement National,"VIVE Marine Le Pen, on compte sur vous Courage nous sommes avec vous",1
Rassemblement National,Vive la France vive la Marin prÃ©sidente,1
Rassemblement National,Voter marine,1
Rassemblement National,Marine PrÃ©sidente ğŸ‡«ğŸ‡·,1
Rassemblement National,MARINE PRÃ‰SIDENTE ğŸ‡¨ğŸ‡µâœŠ,1
Rassemblement National,Vive Marine,1
Rassemblement National,Vive Marine,1
Rassemblement National,Vive Marine le Pen prÃ©sident,1
Rassemblement National,"Il faut voter Marine en masse aux 2 tours car si câ€™est Pecresse,câ€™est le macron 5 ans de plus car la pecresse veut Ãªtre ministre du macron",1
Rassemblement National,Vive marine le Pen prÃ©sidente ğŸ‡«ğŸ‡·ğŸ‡«ğŸ‡·ğŸ‡«ğŸ‡·ğŸ‘ğŸ‘ğŸ‡«ğŸ‡·ğŸ‡«ğŸ‡·ğŸ‡«ğŸ‡·,1
Rassemblement National,Vive Marine..ğŸ‡¨ğŸ‡µğŸ‡¨ğŸ‡µğŸ‘ğŸ‘ğŸ‘,1
Rassemblement National,"Vive MARINE LEPEN PRÃ‰SIDENTE
BIEN PARLER BFM
OUI CEST VOUS ,ON VOUS VEUT
LA FRANCE ENTIÃˆRE...
BISOUS",1
Rassemblement National,Vive marine vite marine,1
Rassemblement National,Marine prÃ©sidente ğŸ‡«ğŸ‡·,1
Rassemblement National,Vive marine,1
Rassemblement National,Vive marine le Pen prÃ©sidente ğŸ‡«ğŸ‡·ğŸ‡«ğŸ‡·ğŸ‡«ğŸ‡·,1
Rassemblement National,Oui tout Ã  fait d'accord avec vous Mme Marie le Pen,1
Rassemblement National,Vivement Marine Le Pen au pouvoir,1
Rassemblement National,Bravo dehors on veut retrouver notre FRANCE a nous,1
Rassemblement National,Vive Marine,1
Rassemblement National,"Ma chÃ¨re marine le Pen je suis contente que vous avez vos parrainages vive marine prÃ©sidente

.",1
Rassemblement National,"MÃªme Atalaya et Duhamel, dâ€™habitude trÃ¨s agressifs, ont Ã©tÃ© muselÃ©s par le calme et les rÃ©ponses prÃ©cises de Marine.",1
Rassemblement National,Marine prÃ©sidente ğŸ‡«ğŸ‡·,1
Rassemblement National,Vive marine le Pen prÃ©sidente ğŸ‡«ğŸ‡·ğŸ‡«ğŸ‡·ğŸ‡«ğŸ‡·,1
Rassemblement National,Vive marine vite marine,1
Rassemblement National,Marine prÃ©sidente ğŸ‡«ğŸ‡·,1
Rassemblement National,Vive Marine Le Pen.,1
Rassemblement National,Vive marine!!votÃ© en masses des le 1er tour!pour dÃ©gagÃ© macron,1
Rassemblement National,Vive marine le Pen prÃ©sidente ğŸ‡«ğŸ‡·ğŸ‡«ğŸ‡·ğŸ‡«ğŸ‡·,1
Rassemblement National,"Mon soutien câ€™est ğŸ‡«ğŸ‡·pour Marine ğŸ‡«ğŸ‡·â¤ï¸ğŸ‡«ğŸ‡·
Je vote Marine ğŸ‡«ğŸ‡·â¤ï¸ğŸ‡«ğŸ‡·",1
Rassemblement National,Vous avez Peur de VotÃ© pour Marine Le Pen ?,1
Rassemblement National,"SANS LUI, avec Marine Le Pen !
â¡ï¸ https://
sanslui.fr/",1
Rassemblement National,Nous devons tous voter en masse pour Marine ce soir elle a encore fait sa preuve face Ã  c'est journalistes de BFM elle est prÃªte vive le RN vive Marine prÃ©sidente ğŸ‡²ğŸ‡«ğŸ‘ğŸ‘âœŒï¸,1
Rassemblement National,Marine prÃ©sidente ğŸ‡«ğŸ‡·,1
Rassemblement National,Ce soir Marine fait un sans faute absolu.,1
Rassemblement National,Vive marine le Pen prÃ©sidente ğŸ‡«ğŸ‡·ğŸ‡«ğŸ‡·ğŸ‡«ğŸ‡·ğŸ’ªğŸ’ªğŸ’ªğŸ’ªğŸ‘ğŸ‘ğŸ‘ğŸ‘ğŸ‡«ğŸ‡·ğŸ‡«ğŸ‡·ğŸ‡«ğŸ‡·,1
Rassemblement National,Ils sont beaux nos professionnels de la politique â€¦.,1
Rassemblement National,Marine prÃ©sidente ğŸ‡«ğŸ‡·,1
Rassemblement National,Vive marine le Pen prÃ©sidente ğŸ‡«ğŸ‡·ğŸ‡«ğŸ‡·ğŸ‡«ğŸ‡·,1
Rassemblement National,Je suis d'accord avec MARINE ğŸ‡²ğŸ‡«ğŸ‡²ğŸ‡«ğŸ‘ VOTÃ‰ MARINE,1
Rassemblement National,Elle a tres bien expliquÃ© cette nuance,1
Rassemblement National,Vive marine vite marine,1
Rassemblement National,Bravo,1
Rassemblement National,Gros gros bisous Ã  MARINE LE PEN ğŸ‡¨ğŸ‡µğŸ‡¨ğŸ‡µğŸ‡¨ğŸ‡µğŸ‡¨ğŸ‡µ,1
Rassemblement National,Marine prÃ©sidente ğŸ‡«ğŸ‡·,1
Rassemblement National,Vive marine le Pen prÃ©sidente ğŸ‡«ğŸ‡·ğŸ‡«ğŸ‡·ğŸ‡«ğŸ‡·,1
Rassemblement National,Vous Ãªtes nÃ´tre lumiÃ¨re et libertÃ© ğŸ—½.,1
Rassemblement National,"C'est Marine la plus capable de dÃ©fendre les intÃ©rÃªts des FranÃ§ais
Elle a raison - la victoire c'est maintenant - c'est le moment",1
Rassemblement National,"J'ai aimÃ© cette position. Au fond MÃ©lenchon, Lepen et Zemmour sont plus cohÃ©rents en France que les autres.",1
Rassemblement National,Pour une Savoie libre et indÃ©pendante,1
Rassemblement National,enfin la vÃ©ritÃ© !,1
Rassemblement National,Vive Marine ğŸ‡«ğŸ‡·,1
Rassemblement National,Bravo Marine vive Marine ğŸ™ğŸ»ğŸ™ğŸ»ğŸ’ªğŸ’ª,1
Rassemblement National,Marine prÃ©sidente ğŸ‡«ğŸ‡·,1
Rassemblement National,Madame Marine le pen PrÃ©sidente des franÃ§ais sur la chaine a Emmanuel Macron,1
Rassemblement National,"Marine le pen a fait une prestation plus que remarquable:il serait fastidieux d enoncer les progres tant il y en a:mais elle est enfin en phase avec elle meme, ce qui lui donne cette incroyable credibilite desormais.Je note que tous mes concepts enonces depuis 2014 ont ete actives, jusqu a la strategie de campagne sur les thematiques: des concepts pour les quels un militant rn comme moi passait pour un fou et surtout un traitre.Curieux
qu on ait pas voulu activer ces concepts en occitanie ou la sociologie permettrait une percee incroyable et meme la prise de la region a delga;ces concepts nous rameraient menard et bien d autres mais surtout la population de toulouse et montpellier, cruciaux pour la region..Elle a pris conscience que la strategie 2eme tour qui gonfle un gros score 2em tour, credibilise son 1er tour et la renforce dans les sondages, bien que cela affaiblisse son score 1er tour:perdre pour gagner.Mais mlp a gagne une image, une image nationale.et un vote ""republicain"" au 2eme tour,n a plus de sens au vu de son profil: enfin, les appelants au vote republician sont en train de se discrediter avec la crise ukrainienne: cetait donc bien la bonne stratagie.le filtrage poutine actuel est une bonne chose et il faut non seulement prendre de la distance avec poutine, masi s opposer.Ca permettra de distancer zemmour et de renforcer considerablemen
t une image nationale.finan
cement russe ou pas, il faudra bien prendre une decision.je devrais etre content de toutes ces avancees, masi je reste furieux de notre position promusulmane et donc forcemment, proislamiste:il
y avait, a l epoque, comme je l indiquais moyen de pacifier les relations avec les musulmans(que je preconisais), sans derouler un tapis rouge qu rend tout retour arriere impossible:or je rappelais a l epoque que toute position politique doit permettre un retour arriere: ce st la base meme de la politique:un politique doit rester lisible et comprehensible:
or sur ce sujet, nous nous sommes mis dans une impasse ideologique.mlp
a toutefois derape plusieurs fois au cours de le mission en attaquant de maniere trop brutale zemmour; on voie bien pourtant que son objectif etait intelligemment tout autre:attention
a ne pas se couper d un alliÃ©,ni surtout de facher ses troupes, tres tres affectives, a la le pen et declencher un vote anti le pen:aujourd hui, la strategie doit etre plus de ne pas perdre(se facher avec zemmour) que de gagner:elle a objectivement deja gagnÃ©.L arrivee de Marion, si elle avait lieu, serait trop tardive, diluee dans une crise ukrainienne et dans un effet d annonce trop emmoussÃ©: pour moi, marion a loupÃ© le coche:comme toujours:englue
e dans des problematiques relationnelles personnelles, elle na toujousr pas fait sa mue:ni devenue une grande personne, ni, devenue une personne politique:elle aura tue son camp par son indecision.mari
on doit elle vraiment rester en politique?",1
Rassemblement National,"MÃ‰FIEZ-Vous. BFMTV c'est la crÃ¨me de ses sales torchons MÃ©diatiques
Ã  chaque fois qu'ils interviewent Marine le Pen ils se mettant Ã  3 ou mÃªme Ã  4 contre cette personne ce n'est qu'une bande da lÃ¢che, ils essayent soit de la piÃ©ger soit de la discrÃ©diter. Quand ils posent une question et que la rÃ©ponse ne leur convient pas, ils coupent la parole Ã  tous les coups, c'est honteux et Ã§a ils le font uniquement avec les personnes du RN, ils se prennent pour des journalistes, mais ce n'est que des minables amateurs qui ont Ã©tÃ© corrompus par Macron ; ils dÃ©shonorent le mÃ©tier de journaliste. Il ne faut pas oublier que la majoritÃ© des mÃ©dias en France ont Ã©tÃ© rachetÃ©s par les milliardaires qui ont financÃ© la campagne de Macron.",1
Rassemblement National,Quel spectacle ?? Incroyable ces mises en scÃ¨ne,1
Rassemblement National,Marine prÃ©sidente ğŸ‡«ğŸ‡·,1
Rassemblement National,Vive Marine ğŸ‡«ğŸ‡·,1
Rassemblement National,Marine prÃ©sidente,1
Rassemblement National,Je suis dÃ©jÃ  devant ma TV .. j'avoue attendre l'heure car je n'aime pas cette chaÃ®ne mensongÃ¨re et ğŸ’¯ % macaron ..vive marine ğŸ™ et que les FranÃ§ais votÃ© bien cette fois ci ğŸ‘Š ğŸ™,1
Rassemblement National,Vive marine le pen ğŸ‘ŠğŸ‘Š,1
Rassemblement National,Vive marine ğŸ˜ğŸ˜ğŸ˜,1
Rassemblement National,Vive marine le pen,1
Rassemblement National,marine prÃ©sidente,1
Rassemblement National,Vive Marine prÃ©sidente ğŸ‘ğŸ‘ğŸ‘ğŸ‘ğŸ‘ğŸ¥°ğŸ¥°ğŸ¥°ğŸ¥°ğŸ¥°,1
Rassemblement National,En tout cas la Marine a coulÃ© toute seule,1
Rassemblement National,"Marine... Montrez Ã  ces vendus votre professionnalis
me et votre sÃ©rÃ©nitÃ© face Ã  leurs attaques... !! Bon courage !!",1
Rassemblement National,VIVE MARINE â¤ğŸŒ¹,1
Rassemblement National,BFM les lÃ¨che derches !!!!,1
Rassemblement National,la classe Marine,1
Rassemblement National,"Bravo et fÃ©licitations Ã  Marine, trÃ¨s bonne prestation devant ses rapaces",1
Rassemblement National,FÃ©licitations,1
Rassemblement National,Bravo Marine et merci a tous pour vos parrainages.,1
Rassemblement National,"BRAVO Bravo fÃ©licitation #MarinePresident
e #MLaFrance",1
Rassemblement National,Bravo marine fÃ©licitations,1
Rassemblement National,Enfin ğŸ˜…bravo ğŸ‘ğŸ‘ğŸ‘,1
Rassemblement National,Bravo,1
Rassemblement National,Que du bonheur bravo,1
Rassemblement National,Bravo MM le Pen je vous soutin a100%,1
Rassemblement National,"FÃ©licitations..
...ğŸ‡«ğŸ‡·",1
Rassemblement National,FÃ©licitations,1
Rassemblement National,FÃ©licitations,1
Rassemblement National,FÃ©licitations bravo,1
Rassemblement National,FÃ©licitations,1
Rassemblement National,FÃ©licitations,1
Rassemblement National,fÃ©licitations marine ğŸ‡²ğŸ‡«ğŸ‡²ğŸ‡«ğŸ‡²ğŸ‡«ğŸ‡²ğŸ‡«ğŸ‡²ğŸ‡«,1
Rassemblement National,FÃ©licitations ğŸ˜€ bravoğŸ‘ Marine le Pen ğŸ‡¨ğŸ‡µ enfin ğŸ‡¨ğŸ‡µ,1
Rassemblement National,Super bravo Marine prÃ©sidente,1
Rassemblement National,Bravo marine et fÃ©licitations aux pareneurs ğŸ‘ğŸ‘ğŸ‘,1
Rassemblement National,FÃ©licitations,1
Rassemblement National,Bravo et fÃ©licitations et bien mÃ©ritÃ© !!!,1
Rassemblement National,FÃ©licitations ğŸ‘ŠğŸ‘ŠğŸ‡¨ğŸ‡µğŸ‡¨ğŸ‡µğŸ‡¨ğŸ‡µğŸ‡¨ğŸ‡µ,1
Rassemblement National,Bravo Marine Le Pen. Garde ton sourire et ta bonne humeur.,1
Rassemblement National,Que du bonheur ! La meilleur nouvelle de la journÃ©e. FÃ©licitations,1
Rassemblement National,Bravo Ã  vous ğŸ¥‚ğŸ‘ğŸ‘ğŸ‘â¤ï¸â¤ï¸ğŸ‡«ğŸ‡·,1
Rassemblement National,Cool ğŸ‘ fÃ©licitation,1
Rassemblement National,PrÃ©sidente on croise les doigts,1
Rassemblement National,Bravo marine felcitation,1
Rassemblement National,bravo vite aux urnes !!!!!!!!,1
Rassemblement National,Bravo,1
Rassemblement National,Felicitation,1
Rassemblement National,Bravo a vous â™¥ï¸â™¥ï¸â™¥ï¸,1
Rassemblement National,Merci Bayrou grÃ¢ce Ã  vous ...,1
Rassemblement National,Bravo ğŸ‘ ğŸ’• ğŸ‡«ğŸ‡·ğŸ‡«ğŸ‡·ğŸ‡«ğŸ‡·fÃ©licitations ğŸŠ,1
Rassemblement National,bravo,1
Rassemblement National,Bravo ğŸ˜,1
Rassemblement National,Bravo ğŸ‘‹ğŸ‘‹,1
Rassemblement National,Bravo,1
Rassemblement National,Bravo ğŸŠğŸ‰ğŸ¾ marine,1
Rassemblement National,Bravo,1
Rassemblement National,Bravo,1
Rassemblement National,Bravo...ğŸ‘ğŸ‘ğŸ‘ğŸ‘,1
Rassemblement National,Bravo,1
Rassemblement National,Bravo,1
Rassemblement National,Bravo MARINE et merci pour les parrainages .Nous sommes avec et pour toi,1
Rassemblement National,"Je respire. Mon voeux le plus cher, que vous soyez notre Presidente de la Republique franÃ§aise, la Presidente de tous les franÃ§ais. Puissent les citoyens se tourner unanimement derriere vous en avril.",1
Rassemblement National,Bravo,1
Rassemblement National,bravo aux parrains,1
Rassemblement National,TrÃ¨s bonne nouvelle ENFIN ğŸ™ğŸ‡«ğŸ‡·,1
Rassemblement National,GENIAL....... Un grand merci Ã  tous ceux qui ont contribuÃ© Ã  la possibilitÃ© pour Marine Le Pen de concourir Ã  l'election presidentielle ğŸ‘ğŸ‘ğŸ‘ğŸ‘ğŸ‘ğŸ‘,1
Rassemblement National,CÅ“ur,1
Rassemblement National,super bravo,1
Rassemblement National,Bravo MarineğŸ‘ğŸ‘ğŸ‘,1
Rassemblement National,Bravo Marine,1
Rassemblement National,Super fÃ©licitation,1
Rassemblement National,FÃ©licitations et victoire pour Marine le Pen vive la prÃ©sidente,1
Rassemblement National,Bravo Ã  toutes l'Ã©quipe fÃ©licitations,1
Rassemblement National,"Ouahou. J'y croyais plus. Vive la future prÃ©sidenteğŸ‘ğŸ‘.
AUX URNES CITOYENS",1
Rassemblement National,Heureuse de te voir rÃ©ussir,1
Rassemblement National,EXCELLENT bravo.,1
Rassemblement National,Bravo Marine.,1
Rassemblement National,Bravo,1
Rassemblement National,Bravo marine tous notre soutien pour les prÃ©sidentielles,1
Rassemblement National,Bravo Marine ğŸ‡«ğŸ‡·,1
Rassemblement National,Merci a tous les maires qui ont parrainÃ© Marine le Pen ....,1
Rassemblement National,"Super nouvelle, Marine prÃ©sidente.",1
Rassemblement National,ğŸ‡«ğŸ‡·Marine prÃ©sidente ğŸ‡«ğŸ‡·ğŸ˜ğŸ‘Œ,1
Rassemblement National,Bravo Marine vivement Avril,1
Rassemblement National,Trop bien ! C'est super allez Marine prÃ©sidente ğŸ‡¨ğŸ‡µğŸ‡¨ğŸ‡µ,1
Rassemblement National,grÃ¢ce Ã  bayrou !dites lui merci !,1
Rassemblement National,Bravo tant mieux pour vous,1
Rassemblement National,bravo,1
Rassemblement National,Bravo marine.,1
Rassemblement National,Jose espÃ©rÃ© que vous remplacerait se guignols qui nous sert de prÃ©sident mais j ai peut d espoir on c eqt tous que les Ã©lections sont truquÃ©s,1
Rassemblement National,bravo marine,1
Rassemblement National,Enfin ğŸ‘bravo marine,1
Rassemblement National,ğŸ‡«ğŸ‡·Marine prÃ©sidente ğŸ‡«ğŸ‡·,1
Rassemblement National,FÃ©licitations,1
Rassemblement National,bravo marine,1
Rassemblement National,Bravo fÃ©licitations meilleures nouvelles de la journÃ©e ğŸ‘ğŸ‘ğŸ‘,1
Rassemblement National,Bravo Marine le Pen,1
Rassemblement National,FÃ©licitations,1
Rassemblement National,"Je l'espÃ¨re de tout mon cÅ“ur, Marine prÃ©sidente pour le bien Ãªtre de tous ceux qui aiment la France.",1
Rassemblement National,"Bravo , Marine ..",1
Rassemblement National,Bravo marine ğŸ™ğŸ™ğŸ™,1
Rassemblement National,Que du bonheur ğŸ˜,1
Rassemblement National,J espÃ¨re vraiment que vous serez prÃ©sidente. Faut que macron degage,1
Rassemblement National,Bravo Marine,1
Rassemblement National,FÃ©licitations marine tu vas Ãªtre presidente je vote marine,1
Rassemblement National,Enfin il Ã©tait temps et bravo,1
Rassemblement National,Bravo marine reste plus que Ã  allez votez ğŸ˜„ğŸ‡«ğŸ‡·ğŸ‡«ğŸ‡·ğŸ‡«ğŸ‡·,1
Rassemblement National,Bravo Marine,1
Rassemblement National,Bravo,1
Rassemblement National,Bravos pour cette acte de dÃ©mocratie . Ã‰velyne,1
Rassemblement National,Bravo marine le pen,1
Rassemblement National,bravo marine maintenant tout le monde aux urnes le 10 avril vive marine,1
Rassemblement National,Alors la BRAVO et vive Marine,1
Rassemblement National,Super en route vers la victoire âœŒ,1
Rassemblement National,Bravo marine,1
Rassemblement National,Marine prÃ©sidente ğŸŒ¿ğŸ‡«ğŸ‡·ğŸŒ¿,1
Rassemblement National,Vive Marine bravo,1
Rassemblement National,FÃ©licitation Marine,1
Rassemblement National,Bravo marine Ã  bientÃ´t,1
Rassemblement National,fÃ©licitations,1
Rassemblement National,FÃ©licitations vivement le 1er tour,1
Rassemblement National,Bravo Marine,1
Rassemblement National,Bravo Marine,1
Rassemblement National,oui super un grand Bravo,1
Rassemblement National,FÃ©licitation marine voter marine plus jamais macron,1
Rassemblement National,Bravo vive Marine ...,1
Rassemblement National,"Super Marine le Pen.
Maintenant il faut gagner, et pour cela vous aurez dÃ©jÃ  mon vote.
Vive Marine le Pen et vive ka France ğŸ‡¨ğŸ‡µğŸ‡¨ğŸ‡µğŸ‡¨ğŸ‡µğŸ‡¨ğŸ‡µğŸ‡¨ğŸ‡µ",1
Rassemblement National,Super maintenant marine presidente,1
Rassemblement National,Yes merci au maires pour la dÃ©mocratie.,1
Rassemblement National,Marine prÃ©sidente ğŸ‡«ğŸ‡·,1
Rassemblement National,FONCES MARINE LE PEN ğŸ‡¨ğŸ‡µğŸ‡¨ğŸ‡µ gros gros bisous â¤ï¸â¤ï¸â¤ï¸,1
Rassemblement National,Bravo Marine mais ont sait trÃ¨s qu'elle passera jamais,1
Rassemblement National,Superbe.,1
Rassemblement National,"Super
Alors allons voter Marine au premier tour
Vite et Macron dehors",1
Rassemblement National,"Youppie je suis heureux vive MARINE en avant pour les Ã©lections,",1
Rassemblement National,"Super au moins Ã§a fera taire les mauvaises langues comme certains journalistes, ou encore d'autres personnes qui raconte tout et n'importe quoi , vive marine il y a que toi qui peux remettre la France dans le droit chemin",1
Rassemblement National,MAGNIFIQUE ğŸ‘ğŸ‘,1
Rassemblement National,Vive Marine le Pen Vive le RN Vive la prÃ©sidente ğŸ‡«ğŸ‡·,1
Rassemblement National,Vive marine le Pen prÃ©sidente ğŸ‡«ğŸ‡·ğŸ‡«ğŸ‡·ğŸ‡«ğŸ‡·ğŸ‡«ğŸ‡·ğŸ‘ğŸ‘ğŸ’ªğŸ’ªğŸ’ªğŸ’ªğŸ‡«ğŸ‡·ğŸ‡«ğŸ‡·ğŸ‡«ğŸ‡·ğŸ™ğŸ™ğŸ™ğŸ™,1
Rassemblement National,Merci bayrou,1
Rassemblement National,bravo Marine maintenant nous sommes prÃªts pour toi !,1
Rassemblement National,Bravo Marine !!!! Vous Ãªtes la libertÃ© contre la dictature macronienne,1
Rassemblement National,Trop trop heureux de pouvoir encore croire a la victoire,1
Rassemblement National,Bravo marine,1
Rassemblement National,pourvu qu elle soie presidente,1
